id,name,country_code,type
I3129367976,A P J Abdul Kalam Technological University,IN,education
I686019,AGH University of Krakow,PL,education
I9927081,Aalto University,FI,education
I204337017,Aarhus University,DK,education
I53831458,Abasyn University,PK,education
I3131573596,Abbottabad University of Science and Technology,PK,education
I240042149,Abdelmalek Essaâdi University,MA,education
I181063083,Abdul Wali Khan University Mardan,PK,education
I16038530,Aberystwyth University,GB,education
I117222138,Abu Dhabi University,AE,education
I2802541053,Academy of Military Medical Sciences,CN,facility
I21067949,Adolfo Ibáñez University,CL,education
I4210130692,Affiliated Hospital of Youjiang Medical University for Nationalities,CN,healthcare
I52407163,Afyon Kocatepe University,TR,education
I115228651,"Agency for Science, Technology and Research",SG,government
I9916479,Air Force Medical University,CN,education
I182000528,Ajman University,AE,education
I197907453,Akdeniz University,TR,education
I203765153,Akita University,JP,education
I199702508,Al Jouf University,SA,education
I104941359,Al-Ahliyya Amman University,JO,education
I207527440,Al-Aqsa University,PS,education
I184834183,Al-Azhar University,EG,education
I33926330,Al-Balqa Applied University,JO,education
I180765649,Aliah University,IN,education
I1311688040,Amazon (United States),US,company
I190765188,Ambedkar University Delhi,IN,education
I181401687,American University,US,education
I75535952,American University of Kuwait,KW,education
I4210107262,Amhara Regional Agricultural Research Institute,ET,government
I158248296,Amirkabir University of Technology,IR,education
I145380033,Amman Arab University,JO,education
I81556334,Amrita Vishwa Vidyapeetham,IN,education
I4472751,Anhui Normal University,CN,education
I143868143,Anhui University,CN,education
I188935350,Anhui University of Finance and Economics,CN,education
I149218525,Ankara University,TR,education
I33585257,"Anna University, Chennai",IN,education
I46482218,Anqing Normal University,CN,education
I41147446,Anshan Normal University,CN,education
I35510649,Arak University,IR,education
I21370196,Aristotle University of Thessaloniki,GR,education
I55732556,Arizona State University,US,education
I151075929,Army Medical University,CN,education
I140106629,Artvin Coruh University,TR,education
I38538140,Asian Institute of Technology,TH,education
I146966710,Asian University for Women,BD,education
I83844774,Assam Medical College,IN,education
I91041137,Assiut University,EG,education
I9747756,Atal Bihari Vajpayee Indian Institute of Information Technology and Management,IN,education
I39854758,Auckland University of Technology,NZ,education
I67042835,Australian College of Kuwait,KW,education
I118347636,Australian National University,AU,education
I196664497,Autonomous University of San Luis Potosí,MX,education
I23878562,Autonomous University of Yucatán,MX,education
I127670440,Bahauddin Zakariya University,PK,education
I98301712,Baidu (China),CN,company
I32481161,Batman University,TR,education
I82880672,Beihang University,CN,education
I4210100255,Beijing Academy of Artificial Intelligence,CN,other
I2800232565,Beijing Chao-Yang Hospital,CN,healthcare
I4210119648,Beijing Hospital,CN,healthcare
I78675632,Beijing Information Science & Technology University,CN,education
I4210113914,Beijing Institute of Neurosurgery,CN,facility
I125839683,Beijing Institute of Technology,CN,education
I21193070,Beijing Jiaotong University,CN,education
I25254941,Beijing Normal University,CN,education
I179026463,Beijing Technology and Business University,CN,education
I4210153550,Beijing Tsinghua Chang Gung Hospital,CN,healthcare
I75390827,Beijing University of Chemical Technology,CN,education
I62853816,Beijing University of Civil Engineering and Architecture,CN,education
I139759216,Beijing University of Posts and Telecommunications,CN,education
I37796252,Beijing University of Technology,CN,education
I4210147332,Beijing YouAn Hospital,CN,healthcare
I124227911,Ben-Gurion University of the Negev,IL,education
I169351748,Bengbu Medical College,CN,education
I3129773123,Bennett University,IN,education
I130692619,Bern University of Applied Sciences,CH,education
I111575329,Bharathiar University,IN,education
I4076070,Bharathidasan University,IN,education
I887998513,Bharati Vidyapeeth Deemed University,IN,education
I168864056,Bilkent University,TR,education
I4210164135,"Birla Institute of Technology and Science, Pilani - Dubai Campus",AE,education
I52719799,Blekinge Institute of Technology,SE,education
I309707301,Botho University,BW,education
I193260172,British University in Dubai,AE,education
I154023281,British University in Egypt,EG,education
I167694869,Bu-Ali Sina University,IR,education
I88491126,Bucharest University of Economic Studies,RO,education
I29770179,Budapest University of Technology and Economics,HU,education
I131835042,Bursa Uludağ Üni̇versi̇tesi̇,TR,education
I4210094648,CMR Surgical (United Kingdom),GB,company
I16076960,COMSATS University Islamabad,PK,education
I4210142324,CY Cergy Paris Université,FR,education
I145487455,Cairo University,EG,education
I2799700698,Canadore College,CA,education
I159253421,Cape Peninsula University of Technology,ZA,education
I4210105514,Capital Institute of Pediatrics,CN,facility
I183519381,Capital Medical University,CN,education
I79510175,Cardiff University,GB,education
I1302207122,Carl Zeiss (Germany),DE,company
I67031392,Carleton University,CA,education
I74973139,Carnegie Mellon University,US,education
I2799535320,Catholic University of the Maule,CL,education
I4210137574,Cells Therapy (Poland),PL,company
I4210111807,Center for Research in Molecular Medicine and Chronic Diseases,ES,facility
I40963666,Central China Normal University,CN,education
I4210128956,Central Institute of Technology Kokrajhar,IN,education
I74899385,Central Queensland University,AU,education
I139660479,Central South University,CN,education
I4210133503,Central University of Haryana,IN,education
I180952551,Central University of Himachal Pradesh,IN,education
I4210142231,Central University of Jammu,IN,education
I1294671590,Centre National de la Recherche Scientifique,FR,government
I4210126056,Centre Universitaire Jean-François-Champollion,FR,education
I4210102186,Centre de Développement des Technologies Avancées,DZ,facility
I4210100943,Centre de Recherche en Sciences et Technologies de l'Information et de la Communication,FR,facility
I4210137396,Centre de Recherche en Économie et Statistique,FR,facility
I4210121317,Centre for Sustainable Energy,GB,nonprofit
I134892692,Chaitanya Bharathi Institute of Technology,IN,education
I66862912,Chalmers University of Technology,SE,education
I101407740,Chandigarh University,IN,education
I173093425,Chang Gung University,TW,education
I25355098,Chang'an University,CN,education
I106645853,Changchun University of Science and Technology,CN,education
I4385474403,Changchun University of Technology,,education
I3130607311,Changsha Normal University,CN,education
I56934997,Changsha University of Science and Technology,CN,education
I126145234,Chaoyang University of Technology,TW,education
I185071736,Chapman University,US,education
I24201400,Chengdu University of Information Technology,CN,education
I52158045,China Agricultural University,CN,education
I91656880,China Medical University,CN,education
I2802459333,China Rehabilitation Research Center,CN,healthcare
I4210136246,China Telecom (China),CN,company
I3124059619,China University of Geosciences,CN,education
I3125743391,China University of Geosciences (Beijing),CN,education
I25757504,China University of Mining and Technology,CN,education
I200296433,Chinese Academy of Medical Sciences & Peking Union Medical College,CN,education
I19820366,Chinese Academy of Sciences,CN,government
I4210116924,"Chinese University of Hong Kong, Shenzhen",CN,education
I74319210,Chitkara University,IN,education
I4210089621,Chizhou University,CN,education
I63371133,Chongqing Jiaotong University,CN,education
I87780372,Chongqing Medical University,CN,education
I126924076,Chongqing Normal University,CN,education
I158842170,Chongqing University,CN,education
I4210110609,Chongqing University of Arts and Sciences,CN,education
I10535382,Chongqing University of Posts and Telecommunications,CN,education
I50632499,Chongqing University of Technology,CN,education
I48018076,Christ University,IN,education
I168719708,City University of Hong Kong,HK,education
I6469544,City University of Macau,MO,education
I174216632,City University of New York,US,education
I180825142,"City, University of London",GB,education
I20497027,Cochin University of Science and Technology,IN,education
I931278978,College of Business Administration,LV,education
I1292875679,Commonwealth Scientific and Industrial Research Organisation,AU,government
I4210152452,Consorzio Interuniversitario Nazionale per l'Informatica,IT,facility
I4210152127,Conway School of Landscape Design,US,education
I180519160,Copenhagen Business School,DK,education
I4210102512,Cotton University,IN,education
I205640436,Curtin University,AU,education
I16197041,Cyprus International University,CY,education
I44504214,Czech Technical University in Prague,CZ,education
I43313876,Dalian Maritime University,CN,education
I27357992,Dalian University of Technology,CN,education
I126427551,Damietta University,EG,education
I2800472359,Data Security Council of India,IN,government
I42894916,Data61,AU,other
I66943878,De Montfort University,GB,education
I149704539,Deakin University,AU,education
I933318745,Dehradun Institute of Technology University,IN,education
I863896202,Delhi Technological University,IN,education
I2802442800,Deutsches Forschungsnetz,DE,facility
I2898391981,Deutsches Zentrum für Luft- und Raumfahrt e. V. (DLR),DE,facility
I10008193,Dharmsinh Desai University,IN,education
I64128412,Dibrugarh University,IN,education
I181326427,Donghua University,CN,education
I44565152,Doon University,IN,education
I70971781,Dr. B. R. Ambedkar National Institute of Technology Jalandhar,IN,education
I8977528,Dr. Hari Singh Gour University,IN,education
I42934936,Dublin City University,IE,education
I54001450,Düzce Üniversitesi,TR,education
I35440088,ETH Zurich,CH,education
I143593769,East China University of Science and Technology,CN,education
I83019370,Eindhoven University of Technology,NL,education
I913958620,Erasmus University Rotterdam,NL,education
I874792244,European University Institute,IT,education
I106118109,Eötvös Loránd University,HU,education
I3133211407,Fahd bin Sultan University,SA,education
I158509141,Federal Center for Technological Education Celso Suckow da Fonseca,BR,education
I2800437794,Federal University Lafia,NG,education
I180664298,Federal University of Technology,NG,education
I149672521,Federation University,AU,education
I2800424308,Finnish Environment Institute,FI,government
I4210129459,First Affiliated Hospital of Chongqing Medical University,CN,healthcare
I4210162753,First Affiliated Hospital of Jinan University,CN,healthcare
I4210161892,First People's Hospital of Chongqing,CN,healthcare
I4210116480,Flanders Make (Belgium),BE,company
I63772739,Florida Atlantic University,US,education
I2277624104,Fondazione Bruno Kessler,IT,facility
I171892758,Forschungszentrum Jülich,DE,facility
I4210157425,Fraunhofer Portugal Research,PT,nonprofit
I111753288,Fujian Normal University,CN,education
I80947539,Fuzhou University,CN,education
I143396566,Fırat University,TR,education
I2802922787,GD Goenka University,IN,education
I885392262,GITAM University,IN,education
I82571370,GLA University,IN,education
I12832649,Gachon University,KR,education
I94294566,Galatasaray University,TR,education
I4210088485,Gansu Academy of Sciences,CN,facility
I169333911,Gdańsk University of Technology,PL,education
I2799662587,Gendarmerie Nationale,FR,government
I193531525,George Washington University,US,education
I33256026,German Research Centre for Artificial Intelligence,DE,nonprofit
I32597200,Ghent University,BE,education
I5400463,Ghulam Ishaq Khan Institute of Engineering Sciences and Technology,PK,education
I148202161,Giresun University,TR,education
I1291425158,Google (United States),US,company
I168974072,Government Medical College,IN,education
I2800494708,"Government Medical College, Amritsar",IN,education
I183263030,Graduate University of Advanced Technology,IR,education
I11701301,Griffith University,AU,education
I79223203,Guangdong Ocean University,CN,education
I201459984,Guangdong University Of Finances and Economics,CN,education
I4210149618,Guangdong University of Finance,CN,education
I150807315,Guangxi University,CN,education
I167274908,Guangxi University for Nationalities,CN,education
I163732180,Guangxi University of Finance and Economics,CN,education
I37987034,Guangzhou University,CN,education
I117532281,Guangzhou University of Chinese Medicine,CN,education
I5343935,Guilin University of Electronic Technology,CN,education
I38706770,Guilin University of Technology,CN,education
I178232147,Guizhou University,CN,education
I170172562,Guizhou University of Finance and Economics,CN,education
I26285277,Guru Ghasidas Vishwavidyalaya,IN,education
I105454292,Guru Gobind Singh Indraprastha University,IN,education
I165682329,Guru Nanak Dev University,IN,education
I39534123,Gwangju Institute of Science and Technology,KR,education
I173439891,HES-SO University of Applied Sciences and Arts Western Switzerland,CH,education
I152033890,Hainan Normal University,CN,education
I20942203,Hainan University,CN,education
I746986,Halmstad University,SE,education
I49828101,Hamad Medical Corporation,QA,nonprofit
I4210144839,Hamad bin Khalifa University,QA,education
I50760025,Hangzhou Dianzi University,CN,education
I94518387,Hanoi University of Science and Technology,VN,education
I3131378919,Hans Raj Mahila Maha Vidyalaya,IN,education
I151727225,Harbin Engineering University,CN,education
I204983213,Harbin Institute of Technology,CN,education
I134052481,Harbin Normal University,CN,education
I100188998,Harbin University of Science and Technology,CN,education
I878454856,Hasselt University,BE,education
I94611258,Hebei Normal University,CN,education
I34155123,Hebei University of Science and Technology,CN,education
I4210135175,Hefei Institute of Technology Innovation,CN,facility
I16365422,Hefei University of Technology,CN,education
I55022517,Heilongjiang University,CN,education
I84058292,Helwan University,EG,education
I4210114043,Henan Institute of Technology,CN,education
I75955062,Henan Normal University,CN,education
I173899330,Henan University,CN,education
I167383011,Henan University of Science and Technology,CN,education
I32062511,Heriot-Watt University,GB,education
I160419504,Higher Technological Institute,EG,education
I228151691,Ho Chi Minh City International University,VN,education
I4210096063,Ho Chi Minh City Open University,VN,education
I23582244,Ho Chi Minh City University of Science,VN,education
I47265099,Ho Chi Minh City University of Technology,VN,education
I163340411,Hohai University,CN,education
I4210112253,Honda (Germany),DE,company
I141568987,Hong Kong Baptist University,HK,education
I119045251,Huaqiao University,CN,education
I2250955327,Huawei Technologies (China),CN,company
I47720641,Huazhong University of Science and Technology,CN,education
I4210099437,Hubei University Of Economics,CN,education
I52180223,Hunan Agricultural University,CN,education
I916048824,Hunan First Normal University,CN,education
I96478251,Hunan Institute of Technology,CN,education
I173759888,Hunan Normal University,CN,education
I16609230,Hunan University,CN,education
I257545875,"Hunan University of Humanities, Science and Technology",CN,education
I3018263800,Huzhou University,CN,education
I4210145784,IBM Research - Ireland,IE,facility
I4210166615,INESC TEC,PT,nonprofit
I4210111164,IPO Porto,PT,healthcare
I173089394,ITMO University,RU,education
I110594554,Ikerbasque,ES,other
I47508984,Imperial College London,GB,education
I26072440,Indian Institute of Information Technology Allahabad,IN,education
I4210127244,Indian Institute of Information Technology Una,IN,education
I4210156205,Indian Institute of Management Visakhapatnam,IN,education
I189109744,Indian Institute of Technology Dhanbad,IN,education
I4210152718,Indian Institute of Technology Dharwad,IN,education
I1317621060,Indian Institute of Technology Guwahati,IN,education
I64295750,Indian Institute of Technology Indore,IN,education
I145894827,Indian Institute of Technology Kharagpur,IN,education
I24676775,Indian Institute of Technology Madras,IN,facility
I132153292,Indian Institute of Technology Patna,IN,education
I154851008,Indian Institute of Technology Roorkee,IN,education
I6498739,Indian Statistical Institute,IN,education
I1316951451,Indiana Department of Transportation,US,government
I4210143260,Indira Gandhi Delhi Technical University for Women,IN,education
I70764227,Indus University,IN,education
I1323252656,Information Technology University,PK,education
I104338594,Inje University,KR,education
I205747304,Institut National Polytechnique de Toulouse,FR,education
I4210116811,Institut National des Télécommunications et des Technologies de l'Information et de la Communication,DZ,education
I4210160189,Institut Polytechnique de Bordeaux,FR,education
I4210100151,Institut d'Électronique et des Technologies du numéRique,FR,facility
I4210123471,Institut d'électronique de microélectronique et de nanotechnologie,FR,facility
I4210119061,Institut de Recherche en Informatique de Toulouse,FR,facility
I4210111747,Institut des Régions Arides,TN,facility
I3017839442,Institut Élie Cartan de Lorraine,FR,facility
I4210117195,Institute for Computer Science and Control,HU,facility
I3005160176,Institute for High Performance Computing and Networking,IT,facility
I4210091512,Institute of Applied Science and Intelligent Systems,IT,facility
I4210112150,Institute of Automation,CN,facility
I134784518,Institute of Business Administration Karachi,PK,education
I4210166865,Institute of Cognitive Sciences and Technologies,IT,facility
I4210090176,Institute of Computing Technology,CN,facility
I3004594783,Institute of High Performance Computing,SG,facility
I4210130157,Institute of Informatics and Telematics,IT,facility
I4210121509,Institute of Mechanical Engineering and Industrial Mangement,PT,facility
I197827452,Institute of Space Technology,PK,education
I4210095677,Instituto Andaluz de Ciencias de la Tierra,ES,facility
I4210092444,"Instituto Federal de Educação, Ciência e Tecnologia do Triângulo Mineiro",BR,education
I59361560,Instituto Politécnico Nacional,MX,education
I4210141572,Instituto Tecnológico Metropolitano,CO,education
I177400693,Instituto Tecnológico de Ciudad Madero,MX,education
I4210085960,Instituto Tecnológico de Culiacán,MX,education
I4210118730,Instituto Tecnológico de Tijuana,MX,education
I4210142644,Intel (Malaysia),MY,company
I4210143508,International Information Technologies University,KZ,education
I121243025,"International Islamic University, Islamabad",PK,education
I173466955,Iona College,US,education
I188771183,Iqra University,PK,education
I161106909,Iran University of Medical Sciences,IR,education
I67009956,Iran University of Science and Technology,IR,education
I3131779051,Iraqi University,IQ,education
I4210140791,Irvine University,US,education
I170013655,Isfahan University of Technology,IR,education
I174731842,Islamia University of Bahawalpur,PK,education
I41775361,Islamic Azad University Central Tehran Branch,IR,education
I183067279,Islamic Azad University North Tehran Branch,IR,education
I4210104301,Islamic Azad University Semnan,IR,education
I4210163293,Islamic Azad University of Damavand,IR,education
I4210163840,Islamic Azad University of Urmia,IR,education
I155419210,"Islamic Azad University, Science and Research Branch",IR,education
I4210116438,"Islamic Azad University, Shahr-e-Qods Branch",IR,education
I110525433,"Islamic Azad University, Tehran",IR,education
I179948855,Istanbul Aydın University,TR,education
I67581229,Istanbul University,TR,education
I4210112471,Istanbul University-Cerrahpaşa,TR,education
I4210121333,Istinye University,TR,education
I30771326,Italian Institute of Technology,IT,facility
I3131927718,JECRC University,IN,education
I170979836,Jadavpur University,IN,education
I52035452,Jawaharlal Nehru Technological University Anantapur,IN,education
I10874241,"Jawaharlal Nehru Technological University, Hyderabad",IN,education
I154970844,Jaypee Institute of Information Technology,IN,education
I4210099699,Jeddah University,SA,education
I111599522,Jiangnan University,CN,education
I115592961,Jiangsu University,CN,education
I4210096899,Jiangsu University of Science and Technology,CN,education
I59649739,Jiangxi University of Finance and Economics,CN,education
I4510145,Jiangxi University of Science and Technology,CN,education
I4210092870,Jiaxing University,CN,education
I4210134929,Jilin Province Science and Technology Department,CN,government
I194450716,Jilin University,CN,education
I159948400,Jinan University,CN,education
I144581915,Jishou University,CN,education
I156983542,Jordan University of Science and Technology,JO,education
I4210133912,Jülich Aachen Research Alliance,DE,facility
I67357951,KIIT University,IN,education
I3132975163,KLE Technological University,IN,education
I4210153056,KTO Karatay University,TR,education
I99464096,KU Leuven,BE,education
I132286405,Kadir Has University,TR,education
I130309236,Kafrelsheikh University,EG,education
I152743029,Kaohsiung Medical University,TW,education
I172574986,Kaunas University of Technology,LT,education
I3131729800,Kazi Nazrul University,IN,education
I52010207,Keimyung University,KR,education
I176601375,Khalifa University of Science and Technology,AE,education
I1284598098,King Abdulaziz City for Science and Technology,SA,facility
I185163786,King Abdulaziz University,SA,education
I134085113,King Fahd University of Petroleum and Minerals,SA,education
I28022161,King Saud University,SA,education
I4210088621,Know Center Research GmbH (Austria),AT,company
I2801278263,Komar University of Science and Technology,IQ,education
I875944469,Koneru Lakshmaiah Education Foundation,IN,education
I197347611,Korea University,KR,education
I10660446,Kunming University of Science and Technology,CN,education
I178319760,Kuvempu University,IN,education
I28046988,Kwame Nkrumah University of Science and Technology,GH,education
I31419693,Kyungpook National University,KR,education
I3018771216,LMU Klinikum,DE,healthcare
I4210134356,Laboratoire Génie Industriel,FR,facility
I4210130517,Laboratoire Génie de Production,FR,facility
I4210121838,Laboratoire Lorrain de Recherche en Informatique et ses Applications,FR,facility
I4210097418,Laboratoire des signaux et systèmes,FR,facility
I4210105419,Lahore Garrison University,PK,education
I67415387,Lancaster University,GB,education
I76214153,Lanzhou University,CN,education
I22716506,Lanzhou University of Technology,CN,education
I63548447,Lappeenranta-Lahti University of Technology,FI,education
I56306041,Lebanese American University,LB,education
I4210116351,Lebanese International University,YE,education
I121797337,Leiden University,NL,education
I166846921,Liaoning Shihua University,CN,education
I4210156197,Life Cycle Engineering (United States),US,company
I4210138370,Liupanshui Normal University,CN,education
I126193024,London Metropolitan University,GB,education
I909854389,London School of Economics and Political Science,GB,education
I181361081,Longyan University,CN,education
I3123046734,Lorestan University,IR,education
I8204097,Ludwig-Maximilians-Universität München,DE,education
I187531555,Lund University,SE,education
I302410947,M S Ramaiah University of Applied Sciences,IN,education
I34352273,Maastricht University,NL,education
I49835588,Macao Polytechnic University,MO,education
I111950717,Macau University of Science and Technology,MO,education
I2799532815,Madan Mohan Malaviya University of Technology,IN,education
I184886455,Maersk (Denmark),DK,company
I4210136518,Maharaja Ranjit Singh Punjab Technical University,IN,education
I25399158,Mahidol University,TH,education
I4210146087,Malayer University,IR,education
I183111857,Malmö University,SE,education
I73779912,Manipal University Jaipur,,education
I16748637,Manisa Celal Bayar University,TR,education
I83259278,Manouba University,TN,education
I159247623,Mansoura University,EG,education
I99601430,"Maulana Abul Kalam Azad University of Technology, West Bengal",IN,education
I34809795,Medizinische Hochschule Hannover,DE,education
I2802584246,Melbourne School of Theology,AU,education
I130438778,Memorial University of Newfoundland,CA,education
I63601056,Menoufia University,EG,education
I51780484,Mersin Üniversitesi,TR,education
I4210114444,Meta (United States),US,company
I251397004,Midnapore Medical College and Hospital,IN,education
I4210130959,Mineral Resources,AU,facility
I3131353278,Minhaj University Lahore,PK,education
I89466785,Minia University,EG,education
I4210087320,Mining and Metallurgy Institute Bor,RS,facility
I4210151987,Ministry of Agriculture and Rural Affairs,CN,government
I1327237609,Ministry of Education of the People's Republic of China,CN,government
I145897649,Minzu University of China,CN,education
I99041443,Mississippi State University,US,education
I4210113480,Mohamed bin Zayed University of Artificial Intelligence,AE,education
I56590836,Monash University,AU,education
I2802755631,Morgan Stanley (United States),US,company
I3132976927,Mulungushi University,ZM,education
I4210100923,Munster Technological University,IE,facility
I140912994,Muş Alparslan University,TR,education
I206816349,Nagpur Institute of Technology,IN,education
I2802902501,Namal College,PK,education
I927504317,Nanchang Hangkong University,CN,education
I206777745,Nanjing Audit University,CN,education
I167027274,Nanjing Forestry University,CN,education
I881766915,Nanjing University,CN,education
I137056471,Nanjing University of Finance and Economics,CN,education
I200845125,Nanjing University of Information Science and Technology,CN,education
I41198531,Nanjing University of Posts and Telecommunications,CN,education
I36399199,Nanjing University of Science and Technology,CN,education
I205237279,Nankai University,CN,education
I4210151929,Nanning Normal University,CN,education
I199305430,Nantong University,CN,education
I4210110718,Nanyang Normal University,CN,education
I21419654,Nanyang Polytechnic,SG,education
I172675005,Nanyang Technological University,SG,education
I110120368,"National Agency for New Technologies, Energy and Sustainable Economic Development",IT,government
I22265921,National Central University,TW,education
I14316845,National Electronics and Computer Technology Center,TH,government
I4210137597,National Heart Institute,MY,facility
I151903974,National Institute Of Technology Silchar,IN,education
I4210152560,National Institute of Chemistry,SI,facility
I196486160,National Institute of Technology Agartala,IN,education
I11880225,National Institute of Technology Karnataka,IN,education
I105094715,National Institute of Technology Kurukshetra,IN,education
I3131484930,National Institute of Technology Nagaland,IN,education
I38335241,National Institute of Technology Raipur,IN,education
I8778637,National Institute of Technology Srinagar,IN,education
I121750182,National Institute of Technology Warangal,IN,education
I4210155236,National Research Council,IT,nonprofit
I118501908,National Research University Higher School of Economics,RU,education
I118292597,National Taipei University of Technology,TW,education
I154864474,National Taiwan University of Science and Technology,TW,education
I174458059,National Technical University of Athens,GR,education
I201384688,National University of Computer and Emerging Sciences,PK,education
I170215575,National University of Defense Technology,CN,education
I885383172,National University of Malaysia,MY,education
I929597975,National University of Sciences and Technology,PK,education
I165932596,National University of Singapore,SG,education
I75357094,National Yunlin University of Science and Technology,TW,education
I157637111,Naval Academy,TR,education
I4210117337,Neijiang Normal University,CN,education
I4210113153,Neuroscience Institute,IT,facility
I118118575,New Jersey Institute of Technology,US,education
I57206974,New York University,US,education
I4210089915,Newcastle University Medicine Malaysia,MY,education
I109935558,Ningbo University,CN,education
I4210117043,Ningde Normal University,CN,education
I21642278,Ningxia University,CN,education
I165831266,Nirma University,IN,education
I4210163011,Niroo Research Institute,IR,facility
I198645480,North China University of Water Resources and Electric Power,CN,education
I57328836,North Dakota State University,US,education
I3019309368,North Minzu University,CN,education
I12912129,Northeastern University,US,education
I9224756,Northeastern University,CN,education
I118590987,Northern Border University,SA,education
I89652312,Northwest A&F University,CN,education
I68986083,Northwest Normal University,CN,education
I17145004,Northwestern Polytechnical University,CN,education
I204778367,Norwegian University of Science and Technology,NO,education
I177721651,Oakland University,US,education
I103356709,Obuda University,HU,education
I59028903,Ocean University of China,CN,education
I188760350,Ollscoil na Gaillimhe – University of Galway,IE,education
I184531372,OsloMet – Oslo Metropolitan University,NO,education
I134276161,Pakistan Institute of Engineering and Applied Sciences,PK,education
I33586908,Pandit Deendayal Petroleum University,IN,education
I51452335,Panjab University,IN,education
I55547365,Payame Noor University,IR,education
I2801228662,Peking Union Medical College Hospital,CN,healthcare
I20231570,Peking University,CN,education
I4210130930,Peking University First Hospital,CN,healthcare
I4210124809,Peking University People's Hospital,CN,healthcare
I141431873,Periyar University,IN,education
I182023848,Petronas (Malaysia),MY,company
I4210122849,Philips (Netherlands),NL,company
I4210165514,Photochemistry Center,RU,facility
I123900574,Pohang University of Science and Technology,KR,education
I170935008,Pontifícia Universidade Católica de Minas Gerais,BR,education
I176838256,Pontifícia Universidade Católica do Paraná,BR,education
I46597724,Poznań University of Technology,PL,education
I157674215,Presidency University,IN,education
I138564716,Prince Mohammad bin Fahd University,SA,education
I142608572,Prince Sattam Bin Abdulaziz University,SA,education
I106778892,Princess Nourah bint Abdulrahman University,SA,education
I860003557,Punjab Engineering College,IN,education
I79161377,Punjabi University,IN,education
I4210130184,Purdue University Fort Wayne,US,education
I156216236,Qassim University,SA,education
I1301390666,Qatar Airways (Qatar),QA,company
I4210105992,Qatar Science and Technology Park,QA,archive
I60342839,Qatar University,QA,education
I4210161528,Qilu Hospital of Shandong University,CN,healthcare
I152269853,Qilu University of Technology,CN,education
I108688024,Qingdao University,CN,education
I166337079,Queen Mary University of London,GB,education
I160993911,Queensland University of Technology,AU,education
I82951845,RMIT University,AU,education
I887968799,RWTH Aachen University,DE,education
I2802934949,Radboud University Medical Center,NL,healthcare
I145872427,Radboud University Nijmegen,NL,education
I171003132,Rawalpindi Medical University,PK,healthcare
I1187138,Razi University,IR,education
I135768898,Ritsumeikan University,JP,education
I889804353,Robert Bosch (Germany),DE,company
I522815984,Robert Gordon University,GB,education
I866009140,Rolls-Royce (United Kingdom),GB,company
I51768193,Royal Military College of Canada,CA,education
I1313323035,Russian Academy of Sciences,RU,government
I932239252,SASTRA University,IN,education
I181418319,SKEMA Business School,FR,education
I145286018,SRM Institute of Science and Technology,IN,education
I4210131147,SRM University,IN,education
I4210160202,Saba University,YE,education
I103703290,Sakarya University,TR,education
I170535673,Sana'a University,YE,education
I4210149962,Sanming University,CN,education
I861853513,Sapienza University of Rome,IT,education
I42014448,Sardar Vallabhbhai National Institute of Technology Surat,IN,education
I4210143841,Saudi Aramco (Saudi Arabia),SA,company
I120238654,Saudi Electronic University,SA,education
I85461943,Saveetha University,IN,education
I58610484,Seattle University,US,education
I119896790,Sebelas Maret University,ID,education
I28777354,Sejong University,KR,education
I137996928,Selçuk University,TR,education
I45164037,Shah Abdul Latif University,PK,education
I1308893265,Shaheed Benazir Bhutto University,PK,education
I112819271,Shaheed Benazir Bhutto Women University,PK,education
I115566878,Shahid Bahonar University of Kerman,IR,education
I48379061,Shahid Beheshti University,IR,education
I83123760,Shahid Rajaee Teacher Training University,IR,education
I4210142748,Shandong Academy of Sciences,CN,education
I44445938,Shandong Jianzhu University,CN,education
I154099455,Shandong University,CN,education
I59483232,Shandong University of Finance and Economics,CN,education
I80143920,Shandong University of Science and Technology,CN,education
I4210151294,Shandong Women’s University,CN,education
I4210146919,Shanghai Industrial Technology Institute,CN,facility
I96733725,Shanghai Maritime University,CN,education
I113940042,Shanghai University,CN,education
I181877577,Shanxi University,CN,education
I3130751423,Shaoguan University,CN,education
I192209268,Shaoxing University,CN,education
I206935292,Shaqra University,SA,education
I4210145761,Shenzhen Institutes of Advanced Technology,CN,facility
I180726961,Shenzhen University,CN,education
I90090648,Shijiazhuang Tiedao University,CN,education
I166459259,Shiraz University,IR,education
I341451707,Shri Jagdishprasad Jhabarmal Tibrewala University,IN,education
I63354593,Sichuan Normal University,CN,education
I4210110849,Sichuan Tourism University,CN,education
I24185976,Sichuan University,CN,education
I18014758,Simon Fraser University,CA,education
I1281802846,Sindh Madressatul Islam University,PK,education
I4210142708,Singapore Centre for Environmental Life Sciences Engineering,SG,facility
I4210116917,Singapore Eye Research Institute,SG,facility
I79891267,Singapore Management University,SG,education
I2799299286,Singapore National Eye Center,SG,healthcare
I170253739,Singidunum University,RS,education
I4210142583,Snap (United States),US,company
I90425906,South Asian University,IN,education
I187400657,South China Normal University,CN,education
I90610280,South China University of Technology,CN,education
I107640659,South Ural State University,RU,education
I76569877,Southeast University,CN,education
I35462925,Southern Connecticut State University,US,education
I3045169105,Southern University of Science and Technology,CN,education
I4800084,Southwest Jiaotong University,CN,education
I165745306,Southwest Petroleum University,CN,education
I142108993,Southwest University,CN,education
I204831749,Southwestern University of Finance and Economics,CN,education
I4210101093,St. Joseph's Institute of Technology,IN,education
I4210134523,State Forestry and Grassland Administration,CN,government
I4210118728,State Key Laboratory of Information Engineering in Surveying Mapping and Remote Sensing,CN,facility
I4210145005,State Key Laboratory of Vehicle NVH and Safety Technology,CN,facility
I4210144352,State Research Center of the Russian Federation,RU,facility
I1290190913,Statistisches Bundesamt,DE,government
I108468826,Stevens Institute of Technology,US,education
I130009713,Suez University,EG,education
I4210095236,Suizhou Central Hospital,CN,healthcare
I3133014862,Sulaimani Polytechnic University,IQ,education
I143923087,Sultan Idris Education University,MY,education
I47818738,Sultan Qaboos University,OM,education
I157773358,Sun Yat-sen University,CN,education
I848706,Sungkyunkwan University,KR,education
I4210114178,Suzhou Vocational Institute of Industrial Technology,CN,education
I57093077,Swinburne University of Technology,AU,education
I244572783,Symbiosis International University,IN,education
I2799752099,Synergy University Dubai,AE,education
I23075662,Taibah University,SA,education
I9086337,Taiyuan University of Technology,CN,education
I36197038,Taiz University,YE,education
I1516879,Tarbiat Modares University,IR,education
I55215948,Tata Consultancy Services (India),IN,company
I102808428,Tbilisi State University,GE,education
I158333966,Technical University of Cluj-Napoca,RO,education
I96673099,Technical University of Denmark,DK,education
I62916508,Technical University of Munich,DE,education
I94509681,Technische Universität Braunschweig,DE,education
I4210090124,Tecnológico Nacional de México,MX,government
I70640408,Tehran University of Medical Sciences,IR,education
I4210113966,Tetra Pak (Sweden),SE,company
I1335518801,Texas A&M University – San Antonio,US,education
I4210115718,Thai Nguyen University,VN,education
I162030827,Thapar Institute of Engineering & Technology,IN,education
I4210128921,"The First Affiliated Hospital, Sun Yat-sen University",CN,healthcare
I121847817,"The Graduate Center, CUNY",US,education
I4210160894,The Hague Centre for Strategic Studies,NL,facility
I2898336195,The Netherlands Cancer Institute,NL,healthcare
I204136569,The Open University,GB,education
I45438204,The University of Texas at San Antonio,US,education
I202735123,Thi Qar University,IQ,education
I117381506,Thiruvalluvar University,IN,education
I160262251,Thompson Rivers University,CA,education
I198091727,Tianjin Polytechnic University,CN,education
I4210163834,Tianshui Normal University,CN,education
I96307353,Tilka Manjhi Bhagalpur University,IN,education
I118826373,Tirunelveli Medical College,IN,education
I116953780,Tongji University,CN,education
I4210142395,Torrens University Australia,AU,education
I4210091440,Trilateral Research & Consulting,GB,other
I4210095546,Tsinghua Sichuan Energy Internet Research Institute,CN,education
I99065089,Tsinghua University,CN,education
I108714496,Tunis University,TN,education
I55285296,UCSI University,MY,education
I31746571,UNSW Sydney,AU,education
I48566637,Ulsan National Institute of Science and Technology,KR,education
I90267481,Umeå University,SE,education
I199693650,Umm al-Qura University,SA,education
I1318643470,Union Hospital,CN,healthcare
I201726411,United Arab Emirates University,AE,education
I63169043,United International University,BD,education
I1286329397,United States Geological Survey,US,government
I4210093237,Universidad Autonoma de Manizales,CO,education
I121748325,Universidad Complutense de Madrid,ES,education
I36243813,Universidad Nacional de Colombia,CO,education
I86613570,Universidad Panamericana,MX,education
I88060688,Universidad Politécnica de Madrid,ES,education
I4210120426,Universidad Ricardo Palma,PE,education
I4210166723,Universidad Señor de Sipán,PE,education
I80606768,Universidad de Extremadura,ES,education
I173304897,Universidad de Granada,ES,education
I193181351,Universidad de Guadalajara,MX,education
I119635470,Universidad de Las Palmas de Gran Canaria,ES,education
I8833935,Universidad de León,ES,education
I82767444,Universidad de Málaga,ES,education
I184999862,Universidad de Salamanca,ES,education
I181391015,Universidade Estadual de Campinas (UNICAMP),BR,education
I161127581,Universidade Federal Fluminense,BR,education
I126158947,Universidade Federal da Bahia,BR,education
I110200422,Universidade Federal de Minas Gerais,BR,education
I25112270,Universidade Federal de Pernambuco,BR,education
I177909021,Universidade Federal de São Carlos,BR,education
I88273585,Universidade Federal de São Paulo,BR,education
I80850581,Universidade Federal de Uberlândia,BR,education
I62885914,Universidade Federal do Amazonas,BR,education
I52418104,Universidade Federal do Paraná,BR,education
I130442723,Universidade Federal do Rio Grande do Sul,BR,education
I122140584,Universidade Federal do Rio de Janeiro,BR,education
I1283613182,Universidade Tecnológica Federal do Paraná,BR,education
I11019714,Universidade da Coruña,ES,education
I71437568,Universidade de Pernambuco,BR,education
I200284239,Universidade de Santiago de Compostela,ES,education
I182534213,Universidade do Porto,PT,education
I60053951,Universitat Politècnica de València,ES,education
I5593406,Universitat Ramon Llull,ES,education
I71999127,Universitat de Barcelona,ES,education
I15766328,Universitat de Lleida,ES,education
I111262870,Universitat de Miguel Hernández d'Elx,ES,education
I102913810,Universiti Malaysia Pahang Al-Sultan Abdullah,MY,education
I130343225,Universiti Putra Malaysia,MY,education
I139322472,Universiti Sains Malaysia,MY,education
I203899302,Universiti Teknologi Petronas,MY,education
I79156528,Universiti Tenaga Nasional,MY,education
I931681460,Universiti Tunku Abdul Rahman,MY,education
I100930933,University College Dublin,IE,education
I2802849423,University Medical Center,US,healthcare
I4210135256,University Mohamed El Bachir El Ibrahimi of Bordj Bou Arreridj,DZ,education
I3131625388,University Town of Shenzhen,CN,education
I63190737,"University at Buffalo, State University of New York",US,education
I195460627,University of Aberdeen,GB,education
I200650556,University of Agder,NO,education
I154425047,University of Alberta,CA,education
I168893459,University of Allahabad,IN,education
I887064364,University of Amsterdam,NL,education
I138006243,University of Arizona,US,education
I135120706,University of Baghdad,IQ,education
I5561750,University of Bari Aldo Moro,IT,education
I4068193,University of Belgrade,RS,education
I118564535,University of Bern,CH,education
I97626857,University of Birjand,IR,education
I79619799,University of Birmingham,GB,education
I9360294,University of Bologna,IT,education
I141945490,University of British Columbia,CA,education
I132359460,University of Burdwan,IN,education
I4210165529,University of Business and Technology,SA,education
I106542073,University of Calcutta,IN,education
I168635309,University of Calgary,CA,education
I204250578,"University of California, Irvine",US,education
I103635307,"University of California, Riverside",US,education
I241749,University of Cambridge,GB,education
I79189158,University of Castilla-La Mancha,ES,education
I32038505,University of Central Arkansas,US,education
I4210108889,University of Central Lancashire Cyprus,CY,education
I192392021,University of Central Punjab,PK,education
I69737025,University of Chile,CL,education
I4210165038,University of Chinese Academy of Sciences,CN,education
I76903346,University of Coimbra,PT,education
I140172145,University of Connecticut,US,education
I127591826,University of Dayton,US,education
I132806614,University of Dubai,AE,education
I175532246,University of Eastern Finland,FI,education
I181727666,University of Economics Ho Chi Minh City,VN,education
I5100685,University of Education,PK,education
I150229711,University of Electronic Science and Technology of China,CN,education
I110002522,University of Essex,GB,education
I23923803,University of Exeter,GB,education
I3132364740,University of Fiji,FJ,education
I33213144,University of Florida,US,education
I68916915,University of Gabès,TN,education
I114457229,University of Geneva,CH,education
I165733156,University of Georgia,US,education
I881427289,University of Gothenburg,SE,education
I4210112337,University of Hafr Al-Batin,SA,education
I141584323,University of Hertfordshire,GB,education
I133837150,University of Huddersfield,GB,education
I4210119257,University of Information Technology and Communications,IQ,education
I39268498,University of Isfahan,IR,education
I146416000,University of Kansas,US,education
I135388327,University of Kashmir,IN,education
I20581793,University of Kent,GB,education
I4210166741,University of Klagenfurt,AT,education
I189712700,University of Konstanz,DE,education
I3124704065,University of Kurdistan,IR,education
I3151615967,University of Kurdistan Hewler,IQ,education
I97565354,University of Lausanne,CH,education
I51532219,University of Lincoln,GB,education
I141596103,University of Lisbon,PT,education
I146655781,University of Liverpool,GB,education
I153976015,University of Ljubljana,SI,education
I79516672,University of Louisiana at Lafayette,US,education
I142740786,University of Louisville,US,education
I9341345,University of Lübeck,DE,education
I204512498,University of Macau,MO,education
I33849332,University of Malaya,MY,education
I28407311,University of Manchester,GB,education
I126744593,"University of Maryland, Baltimore",US,education
I66946132,"University of Maryland, College Park",US,education
I165779595,University of Melbourne,AU,education
I94658018,University of Memphis,US,education
I66752286,University of Milano-Bicocca,IT,education
I204743663,University of Mysore,IN,education
I71267560,University of Naples Federico II,IT,education
I122266389,University of Nebraska at Omaha,US,education
I3970613,University of North Carolina at Pembroke,US,education
I123534392,University of North Texas,US,education
I142263535,University of Nottingham,GB,education
I192455894,University of Nova Gorica,SI,education
I3130814776,University of Okara,PK,education
I153718931,University of Ottawa,CA,education
I98381234,University of Oulu,FI,education
I40120149,University of Oxford,GB,education
I138689650,University of Padua,IT,education
I36001604,University of Peshawar,PK,education
I5847235,University of Petroleum and Energy Studies,IN,education
I170201317,University of Pittsburgh,US,education
I69552723,University of Pretoria,ZA,education
I194028371,University of Regina,CA,education
I17626003,University of Rhode Island,US,education
I154347574,University of Rijeka,HR,education
I116067653,University of Rome Tor Vergata,IT,education
I338016083,University of Sadat City,EG,education
I131729948,University of Salerno,IT,education
I160968435,University of Sargodha,PK,education
I92403157,University of Science and Technology Beijing,CN,education
I114117164,University of Science and Technology Liaoning,CN,education
I126520041,University of Science and Technology of China,CN,education
I157169809,University of Sciences and Technology Houari Boumediene,DZ,education
I29891158,University of Sharjah,AE,education
I91136226,University of Sheffield,GB,education
I98962006,University of Skikda,DZ,education
I8636806,University of Sousse,TN,education
I4210119068,University of South Asia,PK,education
I2801380234,University of South-Eastern Norway,NO,education
I43439940,University of Southampton,GB,education
I177969490,University of Southern Denmark,DK,education
I185523456,University of Southern Queensland,AU,education
I92008406,University of Stavanger,NO,education
I129604602,University of Sydney,AU,education
I41832843,University of Tabriz,IR,education
I72264486,University of Tabuk,SA,education
I56085075,University of Tartu,EE,education
I129801699,University of Tasmania,AU,education
I171256487,University of Technology - Iraq,IQ,education
I4576418,University of Technology Malaysia,MY,education
I114017466,University of Technology Sydney,AU,education
I23946033,University of Tehran,IR,education
I160606119,University of Tennessee Health Science Center,US,education
I72539421,University of Tikrit,IQ,education
I193223587,University of Trento,IT,education
I155381812,University of Trás-os-Montes and Alto Douro,PT,education
I94624287,University of Twente,NL,education
I138801177,University of Ulster,GB,education
I119439378,University of Verona,IT,education
I212119943,University of Victoria,CA,education
I39555362,University of Warwick,GB,education
I177877127,University of Western Australia,AU,education
I55990551,University of Wollongong in Dubai,AE,education
I52099693,University of York,GB,education
I181343428,University of Zagreb,HR,education
I169108374,University of the Basque Country,ES,education
I276309446,University of the Cumberlands,US,education
I172780181,University of the Punjab,PK,education
I32915989,University of the Ryukyus,JP,education
I112859197,Università di Camerino,IT,education
I159176309,Universität Hamburg,DE,education
I201841394,Université Côte d'Azur,FR,education
I899635006,Université Grenoble Alpes,FR,education
I4210088687,Université Ibn Zohr,MA,education
I4210131560,Université Mohammed VI Polytechnique,MA,education
I70348806,Université Polytechnique Hauts-de-France,FR,education
I4210152422,Université Toulouse - Jean Jaurès,FR,education
I134560555,Université Toulouse III - Paul Sabatier,FR,education
I3131550300,Université Toulouse-I-Capitole,FR,education
I2279609970,Université de Lille,FR,education
I90183372,Université de Lorraine,FR,education
I102516824,Université de Technologie de Compiègne,FR,education
I159129438,Université du Québec à Montréal,CA,education
I123387679,Uppsala University,SE,education
I143150842,Urmia University of Technology,IR,education
I142208455,VSB - Technical University of Ostrava,CZ,education
I1330855593,Vel Tech Rangarajan Dr. Sagunthala R&D Institute of Science and Technology,IN,education
I876193797,Vellore Institute of Technology University,IN,education
I41549804,Vidyasagar University,IN,education
I123565023,Vietnam National University Ho Chi Minh City,VN,education
I177233841,"Vietnam National University, Hanoi",VN,education
I149313025,"Vignan's Foundation for Science, Technology & Research",IN,education
I4210142044,VinUniversity,VN,education
I859038795,Virginia Tech,US,education
I4210125057,Vivekananda Global University,IN,education
I865915315,Vrije Universiteit Amsterdam,NL,education
I108403487,Warsaw University of Technology,PL,education
I150744194,Waseda University,JP,education
I185443292,Wayne State University,US,education
I4210159820,Weifang Maternity and Child Care Hospital,CN,healthcare
I4210152471,Weill Cornell Medical College in Qatar,QA,education
I146620803,Wenzhou University,CN,education
I4210153668,Wenzhou-Kean University,CN,education
I55862774,West Bengal State University,IN,education
I12097938,West Virginia University,US,education
I113686770,Western Institute of Technology and Higher Education,MX,education
I63525965,Western Sydney University,AU,education
I125749732,Western University,CA,education
I2801525552,Whitney Museum of American Art,US,archive
I75381157,Wilfrid Laurier University,CA,education
I3131870445,Woxsen School of Business,IN,education
I11923345,Wrocław University of Science and Technology,PL,education
I4210111998,Wuhan No.1 Hospital,CN,healthcare
I37461747,Wuhan University,CN,education
I196699116,Wuhan University of Technology,CN,education
I4210107780,Xi'an Medical University,CN,education
I27599042,Xi'an Polytechnic University,CN,education
I181903023,Xi'an Shiyou University,CN,education
I4210131919,Xi'an University of Technology,CN,education
I191208505,Xiamen University,CN,education
I75867142,Xiamen University of Technology,CN,education
I149594827,Xidian University,CN,education
I69356397,Xi’an Jiaotong-Liverpool University,CN,education
I4210136859,Xi’an University of Posts and Telecommunications,CN,education
I4210094218,Xuan Wu Hospital of the Capital Medical University,CN,healthcare
I39333907,Yanshan University,CN,education
I85507684,Yarmouk University,JO,education
I4210106255,Yashwantrao Chavan Maharashtra Open University,IN,education
I112536369,Yazd University,IR,education
I59944920,Yaşar University,TR,education
I55240360,Yeungnam University,KR,education
I193775966,Yonsei University,KR,education
I27462735,Yulin Normal University,CN,education
I110262843,Yuncheng University,CN,education
I195019228,Yunnan Agricultural University,CN,education
I120825670,Yunnan Normal University,CN,education
I189210763,Yunnan University,CN,education
I4101805,Yıldız Technical University,TR,education
I192398990,Zagazig University,EG,education
I153687341,Zarqa University,JO,education
I9356336,Zhangzhou Normal University,CN,education
I75059550,Zhejiang Gongshang University,CN,education
I4210123185,Zhejiang Lab,CN,facility
I135237710,Zhejiang Normal University,CN,education
I31847773,Zhejiang Ocean University,CN,education
I76130692,Zhejiang University,CN,education
I90727586,Zhejiang University of Finance and Economics,CN,education
I55712492,Zhejiang University of Technology,CN,education
I192868223,Zhengzhou University of Aeronautics,CN,education
I4210127074,Zhongshan Hospital,CN,healthcare
I224962290,Çankırı Karatekin University,TR,education
I7454413,École Centrale de Lille,FR,education
I119865316,École Nationale d'Ingénieurs de Tarbes,FR,education
I5124864,École Polytechnique Fédérale de Lausanne,CH,education
I9736820,École de Technologie Supérieure,CA,education
I282159120,İstanbul Nişantaşı Üniversitesi,TR,education
I15059493,İzmir University of Economics,TR,education
